movie,year,add_info,location
"Good Eats" ,1999, {Your Pad Thai or Mine (#9.19)},Hoa Binh Supermarket Atlanta Georgia USA
"Good Evening Rockall" ,1999,NO DATA,Capital Studios Wandsworth London England UK
"Good Exposure" ,2010,NO DATA,New York City New York USA
"Good Food_ Good Deeds" ,2011,NO DATA,Washington District of Columbia USA
"Good Food_ Good Deeds" ,2011,NO DATA,Kissimmee Florida USA
"Devyat zhizney Nestora Makhno" ,2007,NO DATA,Bila Tserkva Ukraine
"Good Girls Club" ,2015,NO DATA,London England UK
"Destination Truth" ,2007, {Ghosts of Chernobyl/Sal'awa (#3.4)},Chernobyl Ukraine
"Good Girls Don't..." ,2004,NO DATA,Ren-Mar Studios - 846 N. Cahuenga Blvd. Hollywood Los Angeles California USA
"Good Girls Revolt" ,2015,NO DATA,Los Angeles California USA
"Good Girls Revolt" ,2015, {The Folo (#1.2)},Los Angeles California USA
"Good Girls Revolt" ,2015, {The Futures (#1.3)},Santa Clarita California USA
"Good Girls Revolt" ,2015, {The Futures (#1.3)},Los Angeles California USA
"Good Girls Revolt" ,2015, {The Newser (#1.10)},Los Angeles California USA
"Good Girls Revolt" ,2015, {The Year-Ender (#1.5)},Santa Clarita California USA
"Good Girls Revolt" ,2015, {The Year-Ender (#1.5)},Los Angeles California USA
"Good Girls" ,2016,NO DATA,Los Angeles California USA
"Letopis vremyon" ,2007,NO DATA,Kiev Ukraine
"Good God" ,2012,NO DATA,Toronto Ontario Canada
"Good Grief" ,1990,NO DATA,Northridge Los Angeles California USA
"Good Grief" ,1990,NO DATA,Stage 2 The Lot - 1041 N. Formosa Avenue West Hollywood California USA
"Good Grief" ,2009,NO DATA,Denver Colorado USA
"Good Guys Bad Guys" ,1997,NO DATA,Melbourne Victoria Australia
"Good Heavens" ,1976,NO DATA,Columbia/Warner Bros. Ranch - 411 North Hollywood Way Burbank California USA
"Good Job_ Thanks!" ,2011,NO DATA,Los Angeles California USA
"Good Living" ,1997,NO DATA,Arley Hall Arley Knutsford Cheshire England UK
"Good Looking Out" ,2016,NO DATA,San Diego California USA
"Good Lovin'" ,2013,NO DATA,Los Angeles California USA
"Good Luck Charlie" ,2010,NO DATA,Sunset Bronson Studios - 1438 N. Gower Street Hollywood Los Angeles California USA
"Good Luck Charlie" ,2010, {Amazing Gracie (#2.20)},Los Angeles Center Studios - 450 S. Bixel Street Downtown Los Angeles California USA
"Good Luck Charlie" ,2010, {Butt Dialing Duncans (#1.7)},Sunset Bronson Studios - 1438 N. Gower Street Hollywood Los Angeles California USA
"Good Luck Charlie" ,2010, {Butt Dialing Duncans (#1.7)},Los Angeles California USA
"Good Luck Charlie" ,2010, {Bye Bye Video Diary (#2.15)},Los Angeles Center Studios - 450 S. Bixel Street Downtown Los Angeles California USA
"Good Luck Charlie" ,2010, {Can You Keep a Secret? (#2.27)},Los Angeles Center Studios - 450 S. Bixel Street Downtown Los Angeles California USA
"Good Luck Charlie" ,2010, {Catch Me If You Can (#3.5)},Los Angeles Center Studios - 450 S. Bixel Street Downtown Los Angeles California USA
"Good Luck Charlie" ,2010, {Charlie 4 Toby 1 (#4.8)},Los Angeles Center Studios - 450 S. Bixel Street Downtown Los Angeles California USA
"Good Luck Charlie" ,2010, {Charlie Did It! (#1.6)},Los Angeles Center Studios - 450 S. Bixel Street Downtown Los Angeles California USA
"Good Luck Charlie" ,2010, {Charlie Did It! (#1.6)},Los Angeles California USA
"Good Luck Charlie" ,2010, {Charlie Goes Viral (#1.15)},Sunset Bronson Studios - 1438 N. Gower Street Hollywood Los Angeles California USA
"Good Luck Charlie" ,2010, {Charlie Is 1 (#1.8)},Los Angeles Center Studios - 450 S. Bixel Street Downtown Los Angeles California USA
"Good Luck Charlie" ,2010, {Charlie Is 1 (#1.8)},Los Angeles California USA
"Good Luck Charlie" ,2010, {Charlie Is 2! (#2.1)},Los Angeles Center Studios - 450 S. Bixel Street Downtown Los Angeles California USA
"Good Luck Charlie" ,2010, {Charlie Shakes It Up (#2.13)},Los Angeles Center Studios - 450 S. Bixel Street Downtown Los Angeles California USA
"Good Luck Charlie" ,2010, {Charlie in Charge (#1.18)},Sunset Bronson Studios - 1438 N. Gower Street Hollywood Los Angeles California USA
"Good Luck Charlie" ,2010, {Charlie in Charge (#1.18)},Los Angeles California USA
"Good Luck Charlie" ,2010, {Dance Off (#1.5)},Sunset Bronson Studios - 1438 N. Gower Street Hollywood Los Angeles California USA
"Good Luck Charlie" ,2010, {Dance Off (#1.5)},Los Angeles California USA
"Good Luck Charlie" ,2010, {Demolition Dabney (#4.3)},Los Angeles Center Studios - 450 S. Bixel Street Downtown Los Angeles California USA
"Good Luck Charlie" ,2010, {Ditch Day (#2.23)},Los Angeles Center Studios - 450 S. Bixel Street Downtown Los Angeles California USA
"Good Luck Charlie" ,2010, {Doppel Date (#4.2)},Los Angeles Center Studios - 450 S. Bixel Street Downtown Los Angeles California USA
"Good Luck Charlie" ,2010, {Double Whammy (#1.4)},Sunset Bronson Studios - 1438 N. Gower Street Hollywood Los Angeles California USA
"Good Luck Charlie" ,2010, {Double Whammy (#1.4)},Los Angeles California USA
"Good Luck Charlie" ,2010, {Down a Tree (#4.19)},Los Angeles Center Studios - 450 S. Bixel Street Downtown Los Angeles California USA
"Good Luck Charlie" ,2010, {Dress Mess (#3.4)},Los Angeles Center Studios - 450 S. Bixel Street Downtown Los Angeles California USA
"Good Luck Charlie" ,2010, {Driving Mrs. Dabney (#1.26)},Sunset Bronson Studios - 1438 N. Gower Street Hollywood Los Angeles California USA
"Good Luck Charlie" ,2010, {Duncan Dream House (#4.1)},Los Angeles Center Studios - 450 S. Bixel Street Downtown Los Angeles California USA
"Good Luck Charlie" ,2010, {Duncan vs. Duncan (#2.5)},Los Angeles Center Studios - 450 S. Bixel Street Downtown Los Angeles California USA
"Good Luck Charlie" ,2010, {Duncan's Got Talent (#1.16)},Sunset Bronson Studios - 1438 N. Gower Street Hollywood Los Angeles California USA
"Good Luck Charlie" ,2010, {Duncan's Got Talent (#1.16)},Los Angeles California USA
"Good Luck Charlie" ,2010, {Fright Knight (#4.14)},Los Angeles Center Studios - 450 S. Bixel Street Downtown Los Angeles California USA
"Good Luck Charlie" ,2010, {Futuredrama (#4.9)},Los Angeles Center Studios - 450 S. Bixel Street Downtown Los Angeles California USA
"Good Luck Charlie" ,2010, {Gabe's 12-1/2 Birthday (#2.11)},Los Angeles Center Studios - 450 S. Bixel Street Downtown Los Angeles California USA
"Good Luck Charlie" ,2010, {Girl Bites Dog (#1.20)},Sunset Bronson Studios - 1438 N. Gower Street Hollywood Los Angeles California USA
"Good Luck Charlie" ,2010, {Girl Bites Dog (#1.20)},Los Angeles California USA
"Good Luck Charlie" ,2010, {Go Teddy! (#4.4)},Los Angeles Center Studios - 450 S. Bixel Street Downtown Los Angeles California USA
"Good Luck Charlie" ,2010, {Good Bye Charlie (#4.20)},Los Angeles Center Studios - 450 S. Bixel Street Downtown Los Angeles California USA
"Good Luck Charlie" ,2010, {Good Luck Jessie: NYC Christmas (#4.17)},Los Angeles Center Studios - 450 S. Bixel Street Downtown Los Angeles California USA
"Good Luck Charlie" ,2010, {Guys & Dolls (#3.16)},Los Angeles Center Studios - 450 S. Bixel Street Downtown Los Angeles California USA
"Good Luck Charlie" ,2010, {It's a Charlie Duncan Thanksgiving (#2.29)},Los Angeles Center Studios - 450 S. Bixel Street Downtown Los Angeles California USA
"Good Luck Charlie" ,2010, {Kit and Kaboodle (#1.12)},Sunset Bronson Studios - 1438 N. Gower Street Hollywood Los Angeles California USA
"Good Luck Charlie" ,2010, {Kit and Kaboodle (#1.12)},Los Angeles California USA
"Good Luck Charlie" ,2010, {Kwikki Chick (#1.17)},Sunset Bronson Studios - 1438 N. Gower Street Hollywood Los Angeles California USA
"Good Luck Charlie" ,2010, {Kwikki Chick (#1.17)},Los Angeles California USA
"Good Luck Charlie" ,2010, {L.A.R.P. in the Park (#2.6)},Los Angeles Center Studios - 450 S. Bixel Street Downtown Los Angeles California USA
"Good Luck Charlie" ,2010, {Le Halloween (#3.15)},Los Angeles Center Studios - 450 S. Bixel Street Downtown Los Angeles California USA
"Good Luck Charlie" ,2010, {Let's Potty (#2.3)},Los Angeles Center Studios - 450 S. Bixel Street Downtown Los Angeles California USA
"Good Luck Charlie" ,2010, {Make Room for Baby (#3.1)},Los Angeles Center Studios - 450 S. Bixel Street Downtown Los Angeles California USA
"Good Luck Charlie" ,2010, {Meet the Parents (#2.10)},Los Angeles Center Studios - 450 S. Bixel Street Downtown Los Angeles California USA
"Good Luck Charlie" ,2010, {Monkey Business (#2.16)},Los Angeles Center Studios - 450 S. Bixel Street Downtown Los Angeles California USA
"Good Luck Charlie" ,2010, {Name That Baby (#3.6)},Los Angeles Center Studios - 450 S. Bixel Street Downtown Los Angeles California USA
"Good Luck Charlie" ,2010, {Nurse Blankenhopper (#3.17)},Los Angeles Center Studios - 450 S. Bixel Street Downtown Los Angeles California USA
"Good Luck Charlie" ,2010, {PJ in the City (#2.17)},Los Angeles Center Studios - 450 S. Bixel Street Downtown Los Angeles California USA
"Good Luck Charlie" ,2010, {Pushing Buttons (#1.23)},Los Angeles Center Studios - 450 S. Bixel Street Downtown Los Angeles California USA
"Good Luck Charlie" ,2010, {Rat-a-Teddy (#4.7)},Los Angeles Center Studios - 450 S. Bixel Street Downtown Los Angeles California USA
"Good Luck Charlie" ,2010, {Return to Super Adventure Land (#2.26)},Los Angeles Center Studios - 450 S. Bixel Street Downtown Los Angeles California USA
"Good Luck Charlie" ,2010, {Rock Enroll (#4.5)},Los Angeles Center Studios - 450 S. Bixel Street Downtown Los Angeles California USA
"Good Luck Charlie" ,2010, {Scary Had a Little Lamb (#2.25)},Los Angeles Center Studios - 450 S. Bixel Street Downtown Los Angeles California USA
"Good Luck Charlie" ,2010, {Sister Sister (#4.15)},Los Angeles Center Studios - 450 S. Bixel Street Downtown Los Angeles California USA
"Good Luck Charlie" ,2010, {Sleepless in Denver (#1.19)},Los Angeles Center Studios - 450 S. Bixel Street Downtown Los Angeles California USA
"Good Luck Charlie" ,2010, {Snow Show: Part 1 (#1.24)},Sunset Bronson Studios - 1438 N. Gower Street Hollywood Los Angeles California USA
"Diversant 2: Konets voyny" ,2007,NO DATA,Yalta Crimea Ukraine
Wir waren Knige ,2014,NO DATA,Bitterfeld Saxony-Anhalt Germany
Wir waren in Berlin ,1973,NO DATA,Berlin Germany
Wir waren in Karl-Marx-Stadt ,1967,NO DATA,Chemnitz Saxony Germany
Wir waren niemals hier ,2005,NO DATA,Berlin Germany
Wir werden frei sein! ,2011,NO DATA,Winnipeg Manitoba Canada
Wir werden frei sein! ,2011,NO DATA,Manitoba Canada
Wir werden frei sein! ,2011,NO DATA,Canada
Wir woll'n die rzte sehn ,2003,NO DATA,Austria
Wir woll'n die rzte sehn ,2003,NO DATA,Germany
Wir woll'n die rzte sehn ,2003,NO DATA,Japan
Wir wollen freie Menschen sein! Volksaufstand 1953 ,2013,NO DATA,Leipzig Saxony Germany
Wir wollen niemals auseinandergehen ,1960,NO DATA,CCC-Atelier Spandau Berlin Germany
Wir wollten aufs Meer ,2012,NO DATA,Kulturzentrum am Eurobahnhof Saarbrcken Saarland Germany
Wir wollten aufs Meer ,2012,NO DATA,Hamburg Germany
Wir wollten aufs Meer ,2012,NO DATA,Brandenburg Germany
Wir wollten aufs Meer ,2012,NO DATA,Berlin Germany
Wir wollten aufs Meer ,2012,NO DATA,Bavaria Germany
Wir. Jetzt! ,2011,NO DATA,Darmstadt Hessen Germany
Wire ,2009,NO DATA,Thousand Oaks California USA
Wire Tap ,2015,NO DATA,North Greenwich London England UK
Wire Train: Stone Me ,1992,NO DATA,Sunset Stage 6063 Sunset Blvd. Hollywood California USA
WireLines ,2017,NO DATA,New York City New York USA
"Menschen am Wasser" ,2007, {Odessa - Geliebte des Meeres (#2.4)},Odessa Ukraine
Wired ,1989,NO DATA,Fort Bragg California USA
Wired ,1989,NO DATA,Los Angeles California USA
Wired ,1989,NO DATA,Mendocino California USA
Wired ,1989,NO DATA,New York City New York USA
Wired ,1989,NO DATA,Northern California California USA
Wired ,1989,NO DATA,Santa Rosa California USA
Wired ,1997,NO DATA,London England UK
Wired ,2000,NO DATA,Seattle Washington USA
Wired ,2008/II,NO DATA,Brisbane Queensland Australia
Wired ,2011,NO DATA,Melbourne Victoria Australia
Wired ,2012,NO DATA,NO DATA
Wired ,2014/I,NO DATA,Bellows Falls Vermont USA
Wired ,2014/I,NO DATA,Keene New Hampshire USA
Wired ,2015,NO DATA,El Monte California USA
Wired ,2016/I,NO DATA,Los Angeles California USA
Wired ,NO DATA,NO DATA,Grand Rapids Michigan USA
Wired Angel ,1999,NO DATA,Doylestown Pennsylvania USA
Wired Angel ,1999,NO DATA,Princeton New Jersey USA
Wired City ,2008,NO DATA,NO DATA
Wired Doll ,2010,NO DATA,Kaufman Astoria Studios - 3412 36th Street Astoria Queens New York City New York USA
Wired Monkeys ,2015,NO DATA,Washington USA
Wintervention ,2010,NO DATA,Utah USA
"Prikazano unichtozhit. Operatsiya 'Kitayskaya shkatulka" ,2009,NO DATA,Lviv Ukraine













